image,mask_id,area,perimeter,length,width,Predicted_Weight
2023-07-10_14-27-53.jpg,0,279170.0,2902.759447336197,24.72199670291515,7.450577991264775,75.96563633481718
